url, symbol, company_name
http://old.tsetmc.com/loader.aspx?ParTree=151311&i=20652241232631918, نیان, نیان الکترونیک
http://old.tsetmc.com/loader.aspx?ParTree=151311&i=9098178887955847, شهر, گروه مالی شهر
http://old.tsetmc.com/loader.aspx?ParTree=151311&i=43267179898797137, پاداش, صندوق س. ارزش پاداش-د
http://old.tsetmc.com/loader.aspx?ParTree=151311&i=36844527173896115, زفجر, کشاورزی و دامپروری فجر اصفهان
http://old.tsetmc.com/loader.aspx?ParTree=151311&i=34213522001938649, عالیس, بهار رز عالیس چناران
http://old.tsetmc.com/loader.aspx?ParTree=151311&i=44818950263583523, دی, بانک دی
http://old.tsetmc.com/loader.aspx?ParTree=151311&i=19257295292088310, خکمک, کمک‌فنرایندامین‌
http://old.tsetmc.com/loader.aspx?ParTree=151311&i=62235397452612911, دارا یکم, صندوق واسطه گری مالی یکم-سهام
http://old.tsetmc.com/loader.aspx?ParTree=151311&i=51017863148152520, فرود, فولاد شاهرود
http://old.tsetmc.com/loader.aspx?ParTree=151311&i=3846143218462419, افران, صندوق س افرا نماد پایدار-ثابت
http://old.tsetmc.com/loader.aspx?ParTree=151311&i=17914401175772326, اهرم, صندوق س سهامی کاریزما- اهرمی
http://old.tsetmc.com/loader.aspx?ParTree=151311&i=67675656072510693, پالایش, صندوق پالایشی یکم-سهام
http://old.tsetmc.com/loader.aspx?ParTree=151311&i=46752599569017089, بترانس, ایران‌ ترانسفو
http://old.tsetmc.com/loader.aspx?ParTree=151311&i=44891482026867833, خساپا, سایپا
http://old.tsetmc.com/loader.aspx?ParTree=151311&i=778253364357513, وبملت, بانک ملت
http://old.tsetmc.com/loader.aspx?ParTree=151311&i=63481599728522324, ثشاهد, سرمایه‌ گذاری‌ شاهد
http://old.tsetmc.com/loader.aspx?ParTree=151311&i=2400322364771558, شستا, سرمایه گذاری تامین اجتماعی
http://old.tsetmc.com/loader.aspx?ParTree=151311&i=10568944722570445, سصفها, سیمان‌اصفهان‌
http://old.tsetmc.com/loader.aspx?ParTree=151311&i=48990026850202503, خگستر, گسترش‌سرمایه‌گذاری‌ایران‌خودرو
http://old.tsetmc.com/loader.aspx?ParTree=151311&i=65883838195688438, خودرو, ایران‌ خودرو
http://old.tsetmc.com/loader.aspx?ParTree=151311&i=3863538898378476, ثمسکن, سرمایه‌گذاری‌ مسکن‌
http://old.tsetmc.com/loader.aspx?ParTree=151311&i=20926459161497908, ثتران, سرمایه گذاری مسکن تهران
http://old.tsetmc.com/loader.aspx?ParTree=151311&i=50792786683910016, کرمان, س. توسعه و عمران استان کرمان
http://old.tsetmc.com/loader.aspx?ParTree=151311&i=1438514795814416, یاقوت, صندوق س یاقوت آگاه-ثابت
http://old.tsetmc.com/loader.aspx?ParTree=151311&i=14744445176220774, ثبهساز, بهساز کاشانه تهران
http://old.tsetmc.com/loader.aspx?ParTree=151311&i=46348559193224090, فولاد, فولاد مبارکه اصفهان
http://old.tsetmc.com/loader.aspx?ParTree=151311&i=64216772923447100, شتاب, صندوق س سهامی شتاب آگاه-اهرمی
http://old.tsetmc.com/loader.aspx?ParTree=151311&i=63917421733088077, وتجارت, بانک تجارت
http://old.tsetmc.com/loader.aspx?ParTree=151311&i=57300230097485720, غگیلا, شیرپاستوریزه پگاه گیلان
http://old.tsetmc.com/loader.aspx?ParTree=151311&i=15494954332657697, همای, صندوق س همای آگاه-ثابت
http://old.tsetmc.com/loader.aspx?ParTree=151311&i=20562694899904339, شپدیس, پتروشیمی پردیس
http://old.tsetmc.com/loader.aspx?ParTree=151311&i=46741025610365786, سمگا, گروه سرمایه گذاری میراث فرهنگی
http://old.tsetmc.com/loader.aspx?ParTree=151311&i=25514780181345713, وساخت, سرمایه‌ گذاری‌ ساختمان‌ایران‌
http://old.tsetmc.com/loader.aspx?ParTree=151311&i=53251602435454519, کیان, صندوق س. با درآمد ثابت کیان
http://old.tsetmc.com/loader.aspx?ParTree=151311&i=35366681030756042, شبندر, پالایش نفت بندرعباس
http://old.tsetmc.com/loader.aspx?ParTree=151311&i=41927452991671109, توان, صندوق س. اهرمی توان مفید-س
http://old.tsetmc.com/loader.aspx?ParTree=151311&i=21432551703060846, حآفرین, ریل پرداز نو آفرین
http://old.tsetmc.com/loader.aspx?ParTree=151311&i=3623921205367364, کدما, معدنی‌ دماوند
http://old.tsetmc.com/loader.aspx?ParTree=151311&i=50247622569476338, بوعلی, پتروشیمی بوعلی سینا
http://old.tsetmc.com/loader.aspx?ParTree=151311&i=43781018754867729, شفارس, صنایع‌ شیمیایی‌ فارس‌
http://old.tsetmc.com/loader.aspx?ParTree=151311&i=70289374539527245, ختوقا, قطعات‌ اتومبیل‌ ایران‌
http://old.tsetmc.com/loader.aspx?ParTree=151311&i=57086055330734195, کرازی, کارخانجات‌تولیدی‌شیشه‌رازی‌
http://old.tsetmc.com/loader.aspx?ParTree=151311&i=66818022341772870, اعتماد, صندوق س.اعتماد آفرین پارسیان-د
http://old.tsetmc.com/loader.aspx?ParTree=151311&i=58741071099161284, فرابورس, فرابورس ایران
http://old.tsetmc.com/loader.aspx?ParTree=151311&i=64843936383937546, غگلستا, شیر پاستوریزه پگاه گلستان
http://old.tsetmc.com/loader.aspx?ParTree=151311&i=35425587644337450, فملی, ملی‌ صنایع‌ مس‌ ایران‌
http://old.tsetmc.com/loader.aspx?ParTree=151311&i=51617145873056483, شتران, پالایش نفت تهران
http://old.tsetmc.com/loader.aspx?ParTree=151311&i=7745894403636165, شپنا, پالایش نفت اصفهان
http://old.tsetmc.com/loader.aspx?ParTree=151311&i=71843282162462661, کارا, صندوق س. کارا -د
http://old.tsetmc.com/loader.aspx?ParTree=151311&i=43362635835198978, های وب, داده گسترعصرنوین-های وب
http://old.tsetmc.com/loader.aspx?ParTree=151311&i=66456062140680461, ثامان, سامان‌ گستراصفهان‌
http://old.tsetmc.com/loader.aspx?ParTree=151311&i=26316376625263940, پی پاد, پرداخت الکترونیک پاسارگاد
http://old.tsetmc.com/loader.aspx?ParTree=151311&i=62346804681275278, کگاز, شیشه‌ و گاز
http://old.tsetmc.com/loader.aspx?ParTree=151311&i=47302318535715632, ونوین, بانک‌اقتصادنوین‌
http://old.tsetmc.com/loader.aspx?ParTree=151311&i=69143674941561637, پترول, گ.س.وت.ص.پتروشیمی خلیج فارس
http://old.tsetmc.com/loader.aspx?ParTree=151311&i=37614886280396031, وساپا, سرمایه‌گذاری‌ سایپا
http://old.tsetmc.com/loader.aspx?ParTree=151311&i=71483646978964608, ذوب, ذوب آهن اصفهان
http://old.tsetmc.com/loader.aspx?ParTree=151311&i=34144395039913458, عیار, صندوق طلای عیار مفید
http://old.tsetmc.com/loader.aspx?ParTree=151311&i=4369934250728330, غزر, صنعتی زر ماکارون
http://old.tsetmc.com/loader.aspx?ParTree=151311&i=30974710508383145, شسینا, صنایع‌شیمیایی‌سینا
http://old.tsetmc.com/loader.aspx?ParTree=151311&i=48511238766369097, دانا, بیمه دانا
http://old.tsetmc.com/loader.aspx?ParTree=151311&i=62603302940123327, ونیرو, سرمایه‌گذاری‌نیرو
http://old.tsetmc.com/loader.aspx?ParTree=151311&i=30852391633490755, ثفارس, عمران‌وتوسعه‌فارس‌
http://old.tsetmc.com/loader.aspx?ParTree=151311&i=34557241988629814, برکت, گروه دارویی برکت
http://old.tsetmc.com/loader.aspx?ParTree=151311&i=14916489896692147, زملارد, کشاورزی و دامپروری ملارد شیر
http://old.tsetmc.com/loader.aspx?ParTree=151311&i=40553302624764543, وکغدیر, بین المللی توسعه ص. معادن غدیر
http://old.tsetmc.com/loader.aspx?ParTree=151311&i=67126881188552864, رمپنا, گروه مپنا (سهامی عام)
http://old.tsetmc.com/loader.aspx?ParTree=151311&i=46700660505281786, طلا, صندوق س.پشتوانه طلای لوتوس
http://old.tsetmc.com/loader.aspx?ParTree=151311&i=33629260529503413, بجهرم, توسعه مولد نیروگاهی جهرم
http://old.tsetmc.com/loader.aspx?ParTree=151311&i=35158826900216508, غاذر, کشت‌وصنعت‌پیاذر
http://old.tsetmc.com/loader.aspx?ParTree=151311&i=60610861509165508, حکشتی, کشتیرانی جمهوری اسلامی ایران
http://old.tsetmc.com/loader.aspx?ParTree=151311&i=35948133957468680, سرچشمه, سرمایه گذاری مس سرچشمه
http://old.tsetmc.com/loader.aspx?ParTree=151311&i=48619517949257749, غنوش, نوش‌ مازندران‌
http://old.tsetmc.com/loader.aspx?ParTree=151311&i=34718633636164421, کمند, صندوق س. با درآمد ثابت کمند
http://old.tsetmc.com/loader.aspx?ParTree=151311&i=18568733593280948, ثامید, توسعه و عمران امید
http://old.tsetmc.com/loader.aspx?ParTree=151311&i=28320293733348826, وبصادر, بانک صادرات ایران
http://old.tsetmc.com/loader.aspx?ParTree=151311&i=14800142337291217, فولای, صنایع فولاد آلیاژی یزد
http://old.tsetmc.com/loader.aspx?ParTree=151311&i=48753732042176709, شبریز, پالایش نفت تبریز
http://old.tsetmc.com/loader.aspx?ParTree=151311&i=44967158778304588, قثابت, قند ثابت‌ خراسان‌
http://old.tsetmc.com/loader.aspx?ParTree=151311&i=18063426072758458, وبهمن, سرمایه‌گذاری‌بهمن‌
http://old.tsetmc.com/loader.aspx?ParTree=151311&i=6847536925606808, ومعلم, بیمه معلم
http://old.tsetmc.com/loader.aspx?ParTree=151311&i=38555056423456635, شتوکا, توکا رنگ فولاد سپاهان
http://old.tsetmc.com/loader.aspx?ParTree=151311&i=12329519546621752, چدن, تولیدی چدن سازان
http://old.tsetmc.com/loader.aspx?ParTree=151311&i=29590002988360984, سپیدار, سپیدار سیستم آسیا
http://old.tsetmc.com/loader.aspx?ParTree=151311&i=42075223783409640, خاذین, سایپاآذین‌
http://old.tsetmc.com/loader.aspx?ParTree=151311&i=52792903131341205, افرا, افرانت
http://old.tsetmc.com/loader.aspx?ParTree=151311&i=33293588228706998, وپارس, بانک‌پارسیان‌
http://old.tsetmc.com/loader.aspx?ParTree=151311&i=44549439964296944, کالا, بورس کالای ایران
http://old.tsetmc.com/loader.aspx?ParTree=151311&i=8175784894140974, فزر, پویا زرکان آق دره
http://old.tsetmc.com/loader.aspx?ParTree=151311&i=8234855558996646, غدانه, پنبه و دانه های روغنی خراسان
http://old.tsetmc.com/loader.aspx?ParTree=151311&i=41796741644273824, وملی, گروه‌ صنعتی‌ ملی‌ (هلدینگ‌
http://old.tsetmc.com/loader.aspx?ParTree=151311&i=114312662654155, وسپهر, سرمایه گذاری مالی سپهرصادرات
http://old.tsetmc.com/loader.aspx?ParTree=151311&i=37842793167868642, غویتا, ویتانا
http://old.tsetmc.com/loader.aspx?ParTree=151311&i=54715710303837090, گلدیرا, صنایع گلدیران
http://old.tsetmc.com/loader.aspx?ParTree=151311&i=64973252728260903, وکبهمن, مدیریت سرمایه گذاری کوثربهمن
http://old.tsetmc.com/loader.aspx?ParTree=151311&i=65122215875355555, شفن, پتروشیمی فناوران
http://old.tsetmc.com/loader.aspx?ParTree=151311&i=17834623106317041, خنصیر, مهندسی‌نصیرماشین‌
http://old.tsetmc.com/loader.aspx?ParTree=151311&i=31569200988534548, لبخند, صندوق س. لبخند فارابی-د
http://old.tsetmc.com/loader.aspx?ParTree=151311&i=71076372178147339, داریک, صندوق س.اعتماد داریک-د
http://old.tsetmc.com/loader.aspx?ParTree=151311&i=26014913469567886, وغدیر, سرمایه‌گذاری‌غدیر(هلدینگ‌
http://old.tsetmc.com/loader.aspx?ParTree=151311&i=61469668095573716, ولکار, لیزینگ کارآفرین
http://old.tsetmc.com/loader.aspx?ParTree=151311&i=53999651992586159, ثپردیس, سرمایه گذاری مسکن پردیس
http://old.tsetmc.com/loader.aspx?ParTree=151311&i=14079693677610396, اسیاتک, انتقال داده های آسیاتک
http://old.tsetmc.com/loader.aspx?ParTree=151311&i=18093681647131179, دتولید, داروسازی تولید دارو
http://old.tsetmc.com/loader.aspx?ParTree=151311&i=50100062518826135, دامین, داروسازی‌ امین‌
http://old.tsetmc.com/loader.aspx?ParTree=151311&i=64619251116188373, بپیوند, برق و انرژی پیوندگستر پارس
http://old.tsetmc.com/loader.aspx?ParTree=151311&i=33931218652865616, ونفت, سرمایه‌گذاری‌ صنعت‌ نفت‌
http://old.tsetmc.com/loader.aspx?ParTree=151311&i=10171945867136336, سیتا, سرمایه گذاری سیمان تامین
http://old.tsetmc.com/loader.aspx?ParTree=151311&i=23600798892801694, قچار, فراوردههای غذایی وقند چهارمحال
http://old.tsetmc.com/loader.aspx?ParTree=151311&i=24085906177899789, کترام, تولیدی‌ کاشی‌ تکسرام‌
http://old.tsetmc.com/loader.aspx?ParTree=151311&i=1358190916156744, وآذر, سرمایه‌گذاری‌توسعه‌آذربایجان‌
http://old.tsetmc.com/loader.aspx?ParTree=151311&i=5187018329202415, لپارس, پارس‌ الکتریک‌
http://old.tsetmc.com/loader.aspx?ParTree=151311&i=58873907630765023, امین, تامین سرمایه امین
http://old.tsetmc.com/loader.aspx?ParTree=151311&i=65018804181564924, گوهران, سرمایه گذاری توسعه گوهران امید
http://old.tsetmc.com/loader.aspx?ParTree=151311&i=49641108336531623, انرژی, بورس انرژی ایران
http://old.tsetmc.com/loader.aspx?ParTree=151311&i=39436183727126211, خمحرکه, نیرو محرکه‌
http://old.tsetmc.com/loader.aspx?ParTree=151311&i=20865316761157979, فاراک, ماشین‌ سازی‌ اراک‌
http://old.tsetmc.com/loader.aspx?ParTree=151311&i=611986653700161, سبزوا, سیمان لار سبزوار
http://old.tsetmc.com/loader.aspx?ParTree=151311&i=65671173927025645, کتوکا, تولیدی و خدمات صنایع نسوز توکا
http://old.tsetmc.com/loader.aspx?ParTree=151311&i=2434703913394836, غدشت, دشت‌ مرغاب‌
http://old.tsetmc.com/loader.aspx?ParTree=151311&i=41122066907413786, چخزر, صنایع چوب خزر کاسپین
http://old.tsetmc.com/loader.aspx?ParTree=151311&i=23353689102956991, دکوثر, داروسازی‌ کوثر
http://old.tsetmc.com/loader.aspx?ParTree=151311&i=38547060135156069, فاذر, صنایع‌ آذرآب‌
http://old.tsetmc.com/loader.aspx?ParTree=151311&i=8977441217024425, فسپا, گروه‌صنعتی‌سپاهان‌
http://old.tsetmc.com/loader.aspx?ParTree=151311&i=19040514831923530, نوری, پتروشیمی نوری
http://old.tsetmc.com/loader.aspx?ParTree=151311&i=26824673819862694, خبهمن, گروه‌بهمن‌
http://old.tsetmc.com/loader.aspx?ParTree=151311&i=14312030900097668, غگلپا, شیر پاستوریزه پگاه گلپایگان
http://old.tsetmc.com/loader.aspx?ParTree=151311&i=4942127026063388, کاما, باما
http://old.tsetmc.com/loader.aspx?ParTree=151311&i=39751275523025334, اتکای, بیمه اتکایی ایرانیان
http://old.tsetmc.com/loader.aspx?ParTree=151311&i=27218386411183410, سدور, سیمان‌ دورود
http://old.tsetmc.com/loader.aspx?ParTree=151311&i=59217041815333317, خکار, ایرکا پارت صنعت
http://old.tsetmc.com/loader.aspx?ParTree=151311&i=60523145697836739, بورس, بورس اوراق بهادار تهران
http://old.tsetmc.com/loader.aspx?ParTree=151311&i=15726796686853780, ثعمرا, عمران و توسعه شاهد
http://old.tsetmc.com/loader.aspx?ParTree=151311&i=3407806799514469, شاروم, پتروشیمی ارومیه
http://old.tsetmc.com/loader.aspx?ParTree=151311&i=34890845654517313, ساربیل, سیمان آرتا اردبیل
http://old.tsetmc.com/loader.aspx?ParTree=151311&i=27308217070238237, شکربن, کربن‌ ایران‌
http://old.tsetmc.com/loader.aspx?ParTree=151311&i=55373808401388162, فتوسا, تولید و توسعه سرب روی ایرانیان
http://old.tsetmc.com/loader.aspx?ParTree=151311&i=51106317433079213, آسیا, بیمه آسیا
http://old.tsetmc.com/loader.aspx?ParTree=151311&i=14957056743925737, خلنت, لنت‌ ترمزایران‌
http://old.tsetmc.com/loader.aspx?ParTree=151311&i=15917865009187760, مادیرا, صنایع مادیران
http://old.tsetmc.com/loader.aspx?ParTree=151311&i=22299894048845903, غگل, گلوکوزان‌
http://old.tsetmc.com/loader.aspx?ParTree=151311&i=69540585676934415, ددانا, داروسازی دانا
http://old.tsetmc.com/loader.aspx?ParTree=151311&i=31039212000825988, آوند, صندوق س. آوند مفید-د
http://old.tsetmc.com/loader.aspx?ParTree=151311&i=45519261544951819, سپید, سپید ماکیان
http://old.tsetmc.com/loader.aspx?ParTree=151311&i=50185721305191887, ختور, رادیاتور ایران‌
http://old.tsetmc.com/loader.aspx?ParTree=151311&i=7395271748414592, وخارزم, سرمایه گذاری خوارزمی
http://old.tsetmc.com/loader.aspx?ParTree=151311&i=64341992373049080, سدبیر, س. تدبیرگران فارس وخوزستان
http://old.tsetmc.com/loader.aspx?ParTree=151311&i=9481703061634967, پارسیان, بیمه پارسیان
http://old.tsetmc.com/loader.aspx?ParTree=151311&i=35700344742885862, کگل, معدنی و صنعتی گل گهر
http://old.tsetmc.com/loader.aspx?ParTree=151311&i=22275596386264204, کوثر, بیمه کوثر
http://old.tsetmc.com/loader.aspx?ParTree=151311&i=13235547361447092, زاگرس, پتروشیمی زاگرس
http://old.tsetmc.com/loader.aspx?ParTree=151311&i=17330546482145553, خمهر, مهرکام‌پارس‌
http://old.tsetmc.com/loader.aspx?ParTree=151311&i=30282299500988269, آکورد, صندوق س. آرمان آتی کوثر-د
http://old.tsetmc.com/loader.aspx?ParTree=151311&i=18027801615184692, کچاد, معدنی‌وصنعتی‌چادرملو
http://old.tsetmc.com/loader.aspx?ParTree=151311&i=26780282166315918, ثبات, صندوق س. ثبات ویستا -د
http://old.tsetmc.com/loader.aspx?ParTree=151311&i=71945594172117613, ارزش مسکن, ص.س.املاک ومستغلات ارزش مسکن
http://old.tsetmc.com/loader.aspx?ParTree=151311&i=7235435095059069, پکویر, کویر تایر
http://old.tsetmc.com/loader.aspx?ParTree=151311&i=5564768007356822, حریل, ریل پردازسیر
http://old.tsetmc.com/loader.aspx?ParTree=151311&i=39116664428676213, شلعاب, لعابیران‌
http://old.tsetmc.com/loader.aspx?ParTree=151311&i=33420285433308219, زپارس, ملی کشت و صنعت و دامپروری پارس
http://old.tsetmc.com/loader.aspx?ParTree=151311&i=66599109405217136, گکوثر, هتل پارسیان کوثر اصفهان
http://old.tsetmc.com/loader.aspx?ParTree=151311&i=66772024744156373, فباهنر, مس‌ شهیدباهنر
http://old.tsetmc.com/loader.aspx?ParTree=151311&i=66701874099226162, فاسمین, کالسیمین‌
http://old.tsetmc.com/loader.aspx?ParTree=151311&i=3149396562827132, وایران, لیزینگ ایرانیان
http://old.tsetmc.com/loader.aspx?ParTree=151311&i=12746730665870442, بهپاک, صنعتی بهپاک
http://old.tsetmc.com/loader.aspx?ParTree=151311&i=63830424809501048, اپرداز, آتیه داده پرداز
http://old.tsetmc.com/loader.aspx?ParTree=151311&i=55127657985997520, آریا, پلیمر آریا ساسول
http://old.tsetmc.com/loader.aspx?ParTree=151311&i=37631109616997982, قشهد, شهد
http://old.tsetmc.com/loader.aspx?ParTree=151311&i=37828981835497620, پتروآگاه, صندوق س پتروشیمی آگاه-بخشی
http://old.tsetmc.com/loader.aspx?ParTree=151311&i=45507655586782998, فجهان, مجتمع جهان فولاد سیرجان
http://old.tsetmc.com/loader.aspx?ParTree=151311&i=71068313834275501, بگیلان, توسعه مسیر برق گیلان
http://old.tsetmc.com/loader.aspx?ParTree=151311&i=2161110547458064, سپیدما, صندوق س. سپید دماوند-د
http://old.tsetmc.com/loader.aspx?ParTree=151311&i=1625149423498289, حسینا, توسعه خدمات دریایی وبندری سینا
http://old.tsetmc.com/loader.aspx?ParTree=151311&i=23086515493897579, ولغدر, لیزینگ‌خودروغدیر
http://old.tsetmc.com/loader.aspx?ParTree=151311&i=57875847776839336, فنوال, نورد آلومینیوم‌
http://old.tsetmc.com/loader.aspx?ParTree=151311&i=28957320033282870, چکاپا, گروه صنایع کاغذ پارس
http://old.tsetmc.com/loader.aspx?ParTree=151311&i=48010225447410247, وبانک, سرمایه گذاری گروه توسعه ملی
http://old.tsetmc.com/loader.aspx?ParTree=151311&i=5920901446678689, وتعاون, بیمه تعاون
http://old.tsetmc.com/loader.aspx?ParTree=151311&i=54676885047867737, وتوشه, سرمایه‌ گذاری‌ پارس‌ توشه‌
http://old.tsetmc.com/loader.aspx?ParTree=151311&i=60887982279284651, ثجنوب, سرمایه گذاری مسکن جنوب
http://old.tsetmc.com/loader.aspx?ParTree=151311&i=44153164692325703, شگل, گلتاش‌
http://old.tsetmc.com/loader.aspx?ParTree=151311&i=204092872752957, شصدف, صنعتی دوده فام
http://old.tsetmc.com/loader.aspx?ParTree=151311&i=5987841496184505, شگویا, پتروشیمی تندگویان
http://old.tsetmc.com/loader.aspx?ParTree=151311&i=2328862017676109, وسپه, سرمایه‌گذاری‌ سپه‌
http://old.tsetmc.com/loader.aspx?ParTree=151311&i=37284308569715577, فسبزوار, پارس فولاد سبزوار
http://old.tsetmc.com/loader.aspx?ParTree=151311&i=4614779520007780, کسرا, سرامیک‌های‌صنعتی‌اردکان‌
http://old.tsetmc.com/loader.aspx?ParTree=151311&i=28864540805361867, فخوز, فولاد  خوزستان
http://old.tsetmc.com/loader.aspx?ParTree=151311&i=7385624172574740, ورنا, سرمایه‌گذاری‌ رنا(هلدینگ‌
http://old.tsetmc.com/loader.aspx?ParTree=151311&i=59612098290740355, آباد, توریستی ورفاهی آبادگران ایران
http://old.tsetmc.com/loader.aspx?ParTree=151311&i=33406621820337161, دجابر, داروسازی‌ جابرابن‌حیان‌
http://old.tsetmc.com/loader.aspx?ParTree=151311&i=28672095850798501, غسالم, سالمین‌
http://old.tsetmc.com/loader.aspx?ParTree=151311&i=59866041653103343, نوین, بیمه نوین
http://old.tsetmc.com/loader.aspx?ParTree=151311&i=68488673556087148, فپنتا, سپنتا
http://old.tsetmc.com/loader.aspx?ParTree=151311&i=57639364758870873, کپشیر, پشم‌شیشه‌ایران‌
http://old.tsetmc.com/loader.aspx?ParTree=151311&i=45174198424472334, ولساپا, لیزینگ رایان‌ سایپا
http://old.tsetmc.com/loader.aspx?ParTree=151311&i=62977319271289925, کی بی سی, شرکت کی بی سی
http://old.tsetmc.com/loader.aspx?ParTree=151311&i=7711282667602555, شاراک, پتروشیمی شازند
http://old.tsetmc.com/loader.aspx?ParTree=151311&i=33887145736684266, آگاس, صندوق س.هستی بخش آگاه-س
http://old.tsetmc.com/loader.aspx?ParTree=151311&i=3955332316338258, وطوبی, سرمایه گذاری اقتصاد شهر طوبی
http://old.tsetmc.com/loader.aspx?ParTree=151311&i=24079409192818584, پدرخش, درخشان‌ تهران‌
http://old.tsetmc.com/loader.aspx?ParTree=151311&i=43545527030854340, کویر, تولیدی فولاد سپید فراب کویر
http://old.tsetmc.com/loader.aspx?ParTree=151311&i=32821908911812078, خزر, فنرسازی‌زر
http://old.tsetmc.com/loader.aspx?ParTree=151311&i=12752224677923341, خریخت, صنایع‌ریخته‌گری‌ایران‌
http://old.tsetmc.com/loader.aspx?ParTree=151311&i=18004480270695404, فمراد, آلومراد
http://old.tsetmc.com/loader.aspx?ParTree=151311&i=35796086458096255, شیران, س. صنایع‌شیمیایی‌ایران
http://old.tsetmc.com/loader.aspx?ParTree=151311&i=41935584690956944, پتایر, ایران‌ تایر
http://old.tsetmc.com/loader.aspx?ParTree=151311&i=9536587154100457, وپاسار, بانک  پاسارگاد
http://old.tsetmc.com/loader.aspx?ParTree=151311&i=4758266259250794, خپویش, سازه‌ پویش‌
http://old.tsetmc.com/loader.aspx?ParTree=151311&i=29882244560576007, بزاگرس, نیروگاه زاگرس کوثر
http://old.tsetmc.com/loader.aspx?ParTree=151311&i=17226661368470120, سپر, صندوق س سپر سرمایه بیدار- ثابت
http://old.tsetmc.com/loader.aspx?ParTree=151311&i=29122854902865456, کسعدی, کاشی‌ سعدی‌
http://old.tsetmc.com/loader.aspx?ParTree=151311&i=17800036702302776, ثاخت, بین‌المللی‌توسعه‌ساختمان
http://old.tsetmc.com/loader.aspx?ParTree=151311&i=7483280423474368, خاهن, آهنگری‌ تراکتورسازی‌ ایران‌
http://old.tsetmc.com/loader.aspx?ParTree=151311&i=70883594945615893, سآبیک, سیمان آبیک
http://old.tsetmc.com/loader.aspx?ParTree=151311&i=19471788163911687, کفپارس, فرآورده‌های‌ نسوز پارس‌
http://old.tsetmc.com/loader.aspx?ParTree=151311&i=19828734979381742, آلا, صندوق س.اعتماد ارغوان-د
http://old.tsetmc.com/loader.aspx?ParTree=151311&i=38084304113529336, خدیزل, بهمن  دیزل
http://old.tsetmc.com/loader.aspx?ParTree=151311&i=28291104595448527, کزغال, زغال سنگ پروده طبس
http://old.tsetmc.com/loader.aspx?ParTree=151311&i=54277068923045214, فسرب, ملی‌ سرب‌وروی‌ ایران‌
http://old.tsetmc.com/loader.aspx?ParTree=151311&i=6043384171800349, ثشرق, سرمایه گذاری مسکن شمال شرق
http://old.tsetmc.com/loader.aspx?ParTree=151311&i=37389789764168256, توریل, توکاریل
http://old.tsetmc.com/loader.aspx?ParTree=151311&i=47996917271187218, وکار, بانک‌ کارآفرین‌
http://old.tsetmc.com/loader.aspx?ParTree=151311&i=56550776668133562, دفارا, داروسازی‌ فارابی‌
http://old.tsetmc.com/loader.aspx?ParTree=151311&i=69090868458637360, دیران, ایران‌دارو
http://old.tsetmc.com/loader.aspx?ParTree=151311&i=32784604551756178, پیزد, مجتمع صنایع لاستیک یزد
http://old.tsetmc.com/loader.aspx?ParTree=151311&i=33611155027418901, غشهداب, کشت و صنعت شهداب ناب خراسان
http://old.tsetmc.com/loader.aspx?ParTree=151311&i=68635710163497089, همراه, شرکت ارتباطات سیار ایران
http://old.tsetmc.com/loader.aspx?ParTree=151311&i=16410724132711490, غفارس, شیر پاستوریزه پگاه فارس
http://old.tsetmc.com/loader.aspx?ParTree=151311&i=62258804563636993, تکشا, گسترش‌صنایع‌وخدمات‌کشاورزی‌
http://old.tsetmc.com/loader.aspx?ParTree=151311&i=12490072956930435, مدیریت, س. و خدمات مدیریت صند. ب کشوری
http://old.tsetmc.com/loader.aspx?ParTree=151311&i=67206358287598044, کهمدا, شیشه‌ همدان‌
http://old.tsetmc.com/loader.aspx?ParTree=151311&i=64699417405634265, نطرین, عطرین نخ قم
http://old.tsetmc.com/loader.aspx?ParTree=151311&i=22490169030401337, وآوا, سرمایه گذاری آوا نوین
http://old.tsetmc.com/loader.aspx?ParTree=151311&i=62404730109947970, غکورش, صنعت غذایی کورش
http://old.tsetmc.com/loader.aspx?ParTree=151311&i=11622051128546106, شپاکسا, پاکسان‌
http://old.tsetmc.com/loader.aspx?ParTree=151311&i=22941065011246116, کپرور, فرآوری زغال سنگ پروده طبس
http://old.tsetmc.com/loader.aspx?ParTree=151311&i=6110133418282108, پارس, پتروشیمی پارس
http://old.tsetmc.com/loader.aspx?ParTree=151311&i=24785665268004766, وپویا, سرمایه گذاری پویا
http://old.tsetmc.com/loader.aspx?ParTree=151311&i=41781090739318251, تلیسه, دامداری تلیسه نمونه
http://old.tsetmc.com/loader.aspx?ParTree=151311&i=16693610252404739, ثالوند, سرمایه گذاری مسکن الوند
http://old.tsetmc.com/loader.aspx?ParTree=151311&i=64358061873294912, چفیبر, فیبر ایران‌
http://old.tsetmc.com/loader.aspx?ParTree=151311&i=42387718866026650, غبشهر, صنعتی‌ بهشهر
http://old.tsetmc.com/loader.aspx?ParTree=151311&i=28033133021443774, خفنر, فنرسازی‌خاور
http://old.tsetmc.com/loader.aspx?ParTree=151311&i=28325731560106431, کساپا, سایپاشیشه‌
http://old.tsetmc.com/loader.aspx?ParTree=151311&i=29247915161590165, دلقما, دارویی‌ لقمان‌
http://old.tsetmc.com/loader.aspx?ParTree=151311&i=17939384202383793, ثغرب, شرکت سرمایه گذاری مسکن شمالغرب
http://old.tsetmc.com/loader.aspx?ParTree=151311&i=3722699128879020, حتاید, تایدواترخاورمیانه
http://old.tsetmc.com/loader.aspx?ParTree=151311&i=54493234408301135, بنو, بیمه تجارت نو
http://old.tsetmc.com/loader.aspx?ParTree=151311&i=45392752356003555, صبا, سرمایه گذاری صبا تامین
http://old.tsetmc.com/loader.aspx?ParTree=151311&i=35331248532537562, اردستان, سیمان اردستان
http://old.tsetmc.com/loader.aspx?ParTree=151311&i=655060129740445, اپال, فرآوری معدنی اپال کانی پارس
http://old.tsetmc.com/loader.aspx?ParTree=151311&i=5427792638736934, زفکا, کشت و دامداری فکا
http://old.tsetmc.com/loader.aspx?ParTree=151311&i=68941822863885255, رافزا, رایان هم افزا
http://old.tsetmc.com/loader.aspx?ParTree=151311&i=11773403764702778, وبیمه, سرمایه‌ گذاری‌ صنعت‌ بیمه‌
http://old.tsetmc.com/loader.aspx?ParTree=151311&i=14231831499205396, سنیر, سیمان‌ سفید نی‌ریز
http://old.tsetmc.com/loader.aspx?ParTree=151311&i=50002340308486819, تاپکیش, تجارت الکترونیک پارسیان کیش
http://old.tsetmc.com/loader.aspx?ParTree=151311&i=62107151670661969, بکابل, سیم و کابل ابهر
http://old.tsetmc.com/loader.aspx?ParTree=151311&i=16567465928886309, درازی, پخش رازی
http://old.tsetmc.com/loader.aspx?ParTree=151311&i=48241092863917835, ولپارس, لیزینگ پارسیان
http://old.tsetmc.com/loader.aspx?ParTree=151311&i=19348717261145458, وهامون, سرمایه گذاری هامون صبا
http://old.tsetmc.com/loader.aspx?ParTree=151311&i=5516102131364383, غمینو, شرکت صنایع غذایی مینو شرق
http://old.tsetmc.com/loader.aspx?ParTree=151311&i=4507558419857064, زماهان, مجتمع تولید گوشت مرغ ماهان
http://old.tsetmc.com/loader.aspx?ParTree=151311&i=63380098535169030, قنیشا, قند  نیشابور
http://old.tsetmc.com/loader.aspx?ParTree=151311&i=47232550823972469, وتوکا, سرمایه‌گذاری‌توکافولاد(هلدینگ
http://old.tsetmc.com/loader.aspx?ParTree=151311&i=31024260997481994, غگرجی, بیسکویت‌  گرجی‌
http://old.tsetmc.com/loader.aspx?ParTree=151311&i=71744682148776880, ولصنم, لیزینگ‌صنعت‌ومعدن‌
http://old.tsetmc.com/loader.aspx?ParTree=151311&i=7457232989848872, خمحور, تولیدمحورخودرو
http://old.tsetmc.com/loader.aspx?ParTree=151311&i=408934423224097, فرآور, فرآوری‌موادمعدنی‌ایران‌
http://old.tsetmc.com/loader.aspx?ParTree=151311&i=71290297158948749, زقیام, کشت و دام قیام اصفهان
http://old.tsetmc.com/loader.aspx?ParTree=151311&i=45895339414786358, خرینگ, رینگ‌سازی‌مشهد
http://old.tsetmc.com/loader.aspx?ParTree=151311&i=14617104402836487, سیلام, سیمان‌ ایلام‌
http://old.tsetmc.com/loader.aspx?ParTree=151311&i=50633804639547462, کمرجان, بازرگانی و تولیدی مرجان کار
http://old.tsetmc.com/loader.aspx?ParTree=151311&i=26259366519412975, زشگزا, شیر و گوشت زاگرس شهرکرد
http://old.tsetmc.com/loader.aspx?ParTree=151311&i=58482817740704549, خکرمان, سرمایه گذاری آرمان گستر پاریز
http://old.tsetmc.com/loader.aspx?ParTree=151311&i=50341528161302545, کمنگنز, معادن‌منگنزایران‌
http://old.tsetmc.com/loader.aspx?ParTree=151311&i=32469128621155736, مثقال, صندوق س.پشتوانه طلای زرین آگاه
http://old.tsetmc.com/loader.aspx?ParTree=151311&i=27922860956133067, مبین, مبین انرژی خلیج فارس
http://old.tsetmc.com/loader.aspx?ParTree=151311&i=41227201752535311, سفار, سیمان‌فارس‌
http://old.tsetmc.com/loader.aspx?ParTree=151311&i=60654872678917533, سقاین, سیمان‌ قائن‌
http://old.tsetmc.com/loader.aspx?ParTree=151311&i=29974853866926823, فروی, ذوب روی اصفهان
http://old.tsetmc.com/loader.aspx?ParTree=151311&i=3492952121304423, غدیس, پاکدیس
http://old.tsetmc.com/loader.aspx?ParTree=151311&i=11129387075131725, تملت, تامین سرمایه بانک ملت
http://old.tsetmc.com/loader.aspx?ParTree=151311&i=56375665074210467, فسوژ, سوژمیران
http://old.tsetmc.com/loader.aspx?ParTree=151311&i=22255783119783047, درازک, دارویی‌ رازک‌
http://old.tsetmc.com/loader.aspx?ParTree=151311&i=20560887114747719, کسرام, پارس‌ سرام‌
http://old.tsetmc.com/loader.aspx?ParTree=151311&i=2254054929817435, غدام, خوراک‌  دام‌ پارس‌
http://old.tsetmc.com/loader.aspx?ParTree=151311&i=49054891736433700, دعبید, لابراتوارداروسازی‌  دکترعبیدی‌
http://old.tsetmc.com/loader.aspx?ParTree=151311&i=62952165421099192, بالبر, کابل‌ البرز
http://old.tsetmc.com/loader.aspx?ParTree=151311&i=55254206302462116, آپ, آسان پرداخت پرشین
http://old.tsetmc.com/loader.aspx?ParTree=151311&i=18401147983387689, غپینو, پارس‌ مینو
http://old.tsetmc.com/loader.aspx?ParTree=151311&i=34032872653290886, غپاک, لبنیات‌ پاک‌
http://old.tsetmc.com/loader.aspx?ParTree=151311&i=4247709727327181, مفاخر, توسعه فناوری اطلاعات خوارزمی
http://old.tsetmc.com/loader.aspx?ParTree=151311&i=17617474823279712, آ س پ, آ.س.پ
http://old.tsetmc.com/loader.aspx?ParTree=151311&i=43951910415124966, وگستر, گسترش سرمایه گذاری ایرانیان
http://old.tsetmc.com/loader.aspx?ParTree=151311&i=12913156843322499, نهال, صندوق س. طلای سرخ نوویرا
http://old.tsetmc.com/loader.aspx?ParTree=151311&i=33603212156438463, دشیمی, شیمی‌ داروئی‌ داروپخش‌
http://old.tsetmc.com/loader.aspx?ParTree=151311&i=10236455588057352, انتخاب, گروه انتخاب الکترونیک آرمان
http://old.tsetmc.com/loader.aspx?ParTree=151311&i=71523986304961239, قشیر, قند شیروان قوچان و بجنورد
http://old.tsetmc.com/loader.aspx?ParTree=151311&i=65321970913593427, سکرد, سیمان کردستان
http://old.tsetmc.com/loader.aspx?ParTree=151311&i=14427168056799610, کیمیا, ص. معدنی کیمیای زنجان گستران
http://old.tsetmc.com/loader.aspx?ParTree=151311&i=12874072841236826, فسازان, غلتک سازان سپاهان
http://old.tsetmc.com/loader.aspx?ParTree=151311&i=35669480110084448, سپاها, سیمان‌سپاهان‌
http://old.tsetmc.com/loader.aspx?ParTree=151311&i=31791737198597563, غشان, شیرپاستوریزه‌پگاه‌خراسان‌
http://old.tsetmc.com/loader.aspx?ParTree=151311&i=41302553376174581, فجر, فولاد امیرکبیرکاشان
http://old.tsetmc.com/loader.aspx?ParTree=151311&i=20487994977117557, غشهد, شهد ایران ‌
http://old.tsetmc.com/loader.aspx?ParTree=151311&i=28450080638096732, سیمرغ, سیمرغ
http://old.tsetmc.com/loader.aspx?ParTree=151311&i=23441366113375722, پارسان, گسترش نفت و گاز پارسیان
http://old.tsetmc.com/loader.aspx?ParTree=151311&i=57273529732791251, خموتور, موتورسازان‌تراکتورسازی‌ایران‌
http://old.tsetmc.com/loader.aspx?ParTree=151311&i=13611044044646901, ملت, بیمه ملت
http://old.tsetmc.com/loader.aspx?ParTree=151311&i=16422980660132735, لطیف, محصولات کاغذی لطیف
http://old.tsetmc.com/loader.aspx?ParTree=151311&i=44625249840480397, حآسا, آسیا سیر ارس
http://old.tsetmc.com/loader.aspx?ParTree=151311&i=18883380772506226, ثرود, سرمایه‌گذاری مسکن زاینده رود
http://old.tsetmc.com/loader.aspx?ParTree=151311&i=1822787329898392, کلر, کلر پارس
http://old.tsetmc.com/loader.aspx?ParTree=151311&i=68909035712962732, ثباغ, شهر سازی و خانه سازی باغمیشه
http://old.tsetmc.com/loader.aspx?ParTree=151311&i=47841327496247362, واعتبار, سرمایه گذاری اعتبار ایران
http://old.tsetmc.com/loader.aspx?ParTree=151311&i=32845891587040106, ثنوسا, نوسازی‌وساختمان‌تهران‌
http://old.tsetmc.com/loader.aspx?ParTree=151311&i=57944184894703821, والبر, سرمایه‌ گذاری‌ البرز(هلدینگ‌
http://old.tsetmc.com/loader.aspx?ParTree=151311&i=15039949673085566, پردیس, سرمایه گذاری پردیس
http://old.tsetmc.com/loader.aspx?ParTree=151311&i=51200575796028449, سحرخیز, صندوق س. گروه زعفران سحرخیز
http://old.tsetmc.com/loader.aspx?ParTree=151311&i=67327029014085707, سخزر, سیمان‌ خزر
http://old.tsetmc.com/loader.aspx?ParTree=151311&i=43966385447049549, ودی, بیمه  دی
http://old.tsetmc.com/loader.aspx?ParTree=151311&i=64298008532791199, ساینا, صنایع بهداشتی ساینا
http://old.tsetmc.com/loader.aspx?ParTree=151311&i=27952969918967492, رکیش, کارت اعتباری ایران کیش
http://old.tsetmc.com/loader.aspx?ParTree=151311&i=25244329144808274, فارس, صنایع پتروشیمی خلیج فارس
http://old.tsetmc.com/loader.aspx?ParTree=151311&i=49502666250908008, افق, فروشگاههای زنجیره ای افق کوروش
http://old.tsetmc.com/loader.aspx?ParTree=151311&i=19298748452450329, تایرا, تراکتورسازی‌ایران‌
http://old.tsetmc.com/loader.aspx?ParTree=151311&i=70270965300262393, البرز, بیمه البرز
http://old.tsetmc.com/loader.aspx?ParTree=151311&i=47041908051542008, هم وزن, صندوق س. شاخصی کیان-س
http://old.tsetmc.com/loader.aspx?ParTree=151311&i=55897939403232751, لسرما, سرما آفرین‌
http://old.tsetmc.com/loader.aspx?ParTree=151311&i=68117765376081366, وتوس, توسعه‌شهری‌توس‌گستر
http://old.tsetmc.com/loader.aspx?ParTree=151311&i=26997316501080743, سشرق, سیمان‌ شرق‌
http://old.tsetmc.com/loader.aspx?ParTree=151311&i=11427939669935844, اطلس, صندوق س.توسعه اطلس مفید-س
http://old.tsetmc.com/loader.aspx?ParTree=151311&i=40411537531154482, قصفها, قنداصفهان‌
http://old.tsetmc.com/loader.aspx?ParTree=151311&i=63915926161403347, خشرق, الکتریک‌ خودرو شرق‌
http://old.tsetmc.com/loader.aspx?ParTree=151311&i=70934270174405743, شخارک, پتروشیمی‌ خارک‌
http://old.tsetmc.com/loader.aspx?ParTree=151311&i=60247433951600827, شاوان, پالایش نفت لاوان
http://old.tsetmc.com/loader.aspx?ParTree=151311&i=28809886765682162, حفاری, حفاری شمال
http://old.tsetmc.com/loader.aspx?ParTree=151311&i=49353447565507376, کاذر, فرآورده‌های‌نسوزآذر
http://old.tsetmc.com/loader.aspx?ParTree=151311&i=34540569618314880, قاسم, قاسم ایران
http://old.tsetmc.com/loader.aspx?ParTree=151311&i=72044846109864381, پارتا, مجتمع صنعتی آرتاویل تایر
http://old.tsetmc.com/loader.aspx?ParTree=151311&i=9698674686691945, کپارس, کاشی‌ پارس‌
http://old.tsetmc.com/loader.aspx?ParTree=151311&i=26547785441834730, زشریف, کشت وصنعت شریف آباد
http://old.tsetmc.com/loader.aspx?ParTree=151311&i=41048299027409941, رتاپ, تجارت الکترونیک  پارسیان
http://old.tsetmc.com/loader.aspx?ParTree=151311&i=70595828753641750, پارند, صندوق س. پارند پایدار سپهر
http://old.tsetmc.com/loader.aspx?ParTree=151311&i=12390706505809150, گوهر, صندوق سکه طلای کیان
http://old.tsetmc.com/loader.aspx?ParTree=151311&i=24254843881948059, چکاوه, صنایع‌کاغذسازی‌کاوه‌
http://old.tsetmc.com/loader.aspx?ParTree=151311&i=43716452378323683, فزرین, زرین معدن آسیا
http://old.tsetmc.com/loader.aspx?ParTree=151311&i=57309221039930244, وصنعت, سرمایه گذاری توسعه صنعت وتجارت
http://old.tsetmc.com/loader.aspx?ParTree=151311&i=22560050433388046, تاپیکو, س. نفت و گاز و پتروشیمی تأمین
http://old.tsetmc.com/loader.aspx?ParTree=151311&i=25180702353416009, زدشت, کشت و صنعت دشت خرم دره
http://old.tsetmc.com/loader.aspx?ParTree=151311&i=64942549055019553, سرو, صندوق س سروسودمند مدبران-سهام
http://old.tsetmc.com/loader.aspx?ParTree=151311&i=47026464823464687, ومهان, گروه توسعه مالی مهرآیندگان
http://old.tsetmc.com/loader.aspx?ParTree=151311&i=22667016906590506, شبهرن, نفت‌ بهران‌
http://old.tsetmc.com/loader.aspx?ParTree=151311&i=35964395659427029, قشکر, شکرشاهرود
http://old.tsetmc.com/loader.aspx?ParTree=151311&i=13243992182070788, درهآور, دارویی ره آورد تامین
http://old.tsetmc.com/loader.aspx?ParTree=151311&i=10795723506538053, فیروزا, صندوق ارمغان فیروزه آسیا-ثابت
http://old.tsetmc.com/loader.aspx?ParTree=151311&i=48287670503317419, ولبهمن, شرکت بهمن لیزینگ
http://old.tsetmc.com/loader.aspx?ParTree=151311&i=33254899395816171, زر, صندوق س.پشتوانه سکه طلای زر
http://old.tsetmc.com/loader.aspx?ParTree=151311&i=68517032834363488, شبصیر, تولیدات پتروشیمی قائد بصیر
http://old.tsetmc.com/loader.aspx?ParTree=151311&i=66142616039907394, دماوند, تولید نیروی برق دماوند
http://old.tsetmc.com/loader.aspx?ParTree=151311&i=30650426998863332, لبوتان, گروه‌صنعتی‌بوتان‌
http://old.tsetmc.com/loader.aspx?ParTree=151311&i=1301069819790264, تجلی, تجلی توسعه معادن و فلزات
http://old.tsetmc.com/loader.aspx?ParTree=151311&i=33783140337377394, خچرخش, چرخشگر
http://old.tsetmc.com/loader.aspx?ParTree=151311&i=42599305106713939, زکوثر, سرمایه گذاری کشاورزی کوثر
http://old.tsetmc.com/loader.aspx?ParTree=151311&i=53419976284977130, تصمیم, صندوق س با درآمد ثابت تصمیم
http://old.tsetmc.com/loader.aspx?ParTree=151311&i=39884565732277052, کیمیاتک, آریان کیمیا تک
http://old.tsetmc.com/loader.aspx?ParTree=151311&i=22086876724551482, بموتو, موتوژن‌
http://old.tsetmc.com/loader.aspx?ParTree=151311&i=66315581735594751, توسن, توسعه سامانه ی نرم افزاری نگین
http://old.tsetmc.com/loader.aspx?ParTree=151311&i=32347247706508046, ساوه, سیمان ساوه
http://old.tsetmc.com/loader.aspx?ParTree=151311&i=23837844039713715, کفرا, فراورده‌ های‌ نسوزایران‌
http://old.tsetmc.com/loader.aspx?ParTree=151311&i=71758511001096824, غصینو, صنعتی مینو
http://old.tsetmc.com/loader.aspx?ParTree=151311&i=16040900750729921, کامیاب, صندوق س. کامیاب آشنا-د
http://old.tsetmc.com/loader.aspx?ParTree=151311&i=53145304508578701, تمشک, صندوق س تمشک نماد رشد-در صندوق
http://old.tsetmc.com/loader.aspx?ParTree=151311&i=36773155987365094, اعتلا, شرکت سرمایه گذاری اعتلاء البرز
http://old.tsetmc.com/loader.aspx?ParTree=151311&i=13281937213456378, حسیر, ریل سیر کوثر
http://old.tsetmc.com/loader.aspx?ParTree=151311&i=45284811973404357, یارا, صندوق س. آریا-د
http://old.tsetmc.com/loader.aspx?ParTree=151311&i=43622578471330344, دسبحا, گروه دارویی سبحان
http://old.tsetmc.com/loader.aspx?ParTree=151311&i=7628308021169118, بکهنوج, تولید برق ماهتاب کهنوج
http://old.tsetmc.com/loader.aspx?ParTree=151311&i=71510396252618330, دبالک, مواد اولیه دارویی البرز بالک
http://old.tsetmc.com/loader.aspx?ParTree=151311&i=20024911381434086, دکیمی, کیمیدارو
http://old.tsetmc.com/loader.aspx?ParTree=151311&i=61506294208022391, غشصفا, شیرپاستوریزه‌پگاه‌اصفهان‌
http://old.tsetmc.com/loader.aspx?ParTree=151311&i=6116572045021585, شجم, صنایع پتروشیمی تخت جمشید
http://old.tsetmc.com/loader.aspx?ParTree=151311&i=25336820825905643, ونیکی, سرمایه‌گذاری‌ ملی‌ایران‌
http://old.tsetmc.com/loader.aspx?ParTree=151311&i=8915450910866216, دزهراوی, داروسازی‌زهراوی‌
http://old.tsetmc.com/loader.aspx?ParTree=151311&i=32257753560585502, کحافظ, کاشی‌ وسرامیک‌ حافظ‌
http://old.tsetmc.com/loader.aspx?ParTree=151311&i=45050389997905274, وسینا, بانک سینا
http://old.tsetmc.com/loader.aspx?ParTree=151311&i=47333458678352378, وخاور, بانک خاورمیانه
http://old.tsetmc.com/loader.aspx?ParTree=151311&i=44013656953678055, شرانل, نفت ایرانول
http://old.tsetmc.com/loader.aspx?ParTree=151311&i=25286509736208688, فلامی, لامیران‌
http://old.tsetmc.com/loader.aspx?ParTree=151311&i=47756003257788498, حگهر, حمل و نقل گهرترابر سیرجان
http://old.tsetmc.com/loader.aspx?ParTree=151311&i=14398278072324784, قهکمت, قندهکمتان‌
http://old.tsetmc.com/loader.aspx?ParTree=151311&i=47348197320716810, دسانکو, داروسازی سبحان انکولوژی
http://old.tsetmc.com/loader.aspx?ParTree=151311&i=59486059679335017, وپترو, سرمایه‌گذاری صنایع پتروشیمی‌
http://old.tsetmc.com/loader.aspx?ParTree=151311&i=66450490505950110, ددام, داروسازی زاگرس فارمد پارس
http://old.tsetmc.com/loader.aspx?ParTree=151311&i=55862580907068610, شملی, ملی شیمی کشاورز
http://old.tsetmc.com/loader.aspx?ParTree=151311&i=66682662312253625, آساس, صندوق س.آسمان آرمانی سهام-س
http://old.tsetmc.com/loader.aspx?ParTree=151311&i=7300125658580126, زکشت, کشاورزی مکانیزه اصفهان کشت
http://old.tsetmc.com/loader.aspx?ParTree=151311&i=21772258644715569, شغدیر, پتروشیمی غدیر
http://old.tsetmc.com/loader.aspx?ParTree=151311&i=66295665969375744, سبجنو, سیمان‌ بجنورد
http://old.tsetmc.com/loader.aspx?ParTree=151311&i=17059960254855208, غبهنوش, بهنوش‌ ایران‌
http://old.tsetmc.com/loader.aspx?ParTree=151311&i=25559236668122210, کهربا, صندوق س.پشتوانه سکه طلا کهربا
http://old.tsetmc.com/loader.aspx?ParTree=151311&i=33441514568901717, میدکو, توسعه معادن وص.معدنی خاورمیانه
http://old.tsetmc.com/loader.aspx?ParTree=151311&i=45728383369147894, امین یکم, صندوق درآمد ثابت امین یکم فردا
http://old.tsetmc.com/loader.aspx?ParTree=151311&i=30447901674051381, ومدیر, گ.مدیریت ارزش سرمایه ص ب کشوری
http://old.tsetmc.com/loader.aspx?ParTree=151311&i=31879190587976736, خوساز, محورسازان‌ایران‌خودرو
http://old.tsetmc.com/loader.aspx?ParTree=151311&i=60451823714332895, دالبر, البرزدارو
http://old.tsetmc.com/loader.aspx?ParTree=151311&i=56324206651661881, فنورد, نوردوقطعات‌ فولادی‌
http://old.tsetmc.com/loader.aspx?ParTree=151311&i=29747059672582491, سهرمز, سیمان‌هرمزگان‌
http://old.tsetmc.com/loader.aspx?ParTree=151311&i=70498485598181604, هرمز, فولاد هرمزگان جنوب
http://old.tsetmc.com/loader.aspx?ParTree=151311&i=13937270451301973, وبشهر, توسعه‌ صنایع‌ بهشهر(هلدینگ
http://old.tsetmc.com/loader.aspx?ParTree=151311&i=15259343650667588, قزوین, کارخانجات‌ قند قزوین‌
http://old.tsetmc.com/loader.aspx?ParTree=151311&i=24644999329120295, وملل, اعتباری ملل
http://old.tsetmc.com/loader.aspx?ParTree=151311&i=3493306453706327, شوینده, مدیریت صنعت شوینده ت.ص.بهشهر
http://old.tsetmc.com/loader.aspx?ParTree=151311&i=36899214178084525, شفا, سرمایه گذاری شفادارو
http://old.tsetmc.com/loader.aspx?ParTree=151311&i=13227300125161435, سصوفی, سیمان‌ صوفیان‌
http://old.tsetmc.com/loader.aspx?ParTree=151311&i=23293437377896568, تاصیکو, سرمایه گذاری صدرتامین
http://old.tsetmc.com/loader.aspx?ParTree=151311&i=45518744711972166, غپآذر, شیر پگاه آذربایجان شرقی
http://old.tsetmc.com/loader.aspx?ParTree=151311&i=6478064539164167, ریشمک, تولید و صادرات ریشمک
http://old.tsetmc.com/loader.aspx?ParTree=151311&i=53204330224889981, تبرک, گروه کارخانجات صنعتی تبرک
http://old.tsetmc.com/loader.aspx?ParTree=151311&i=43256212620530446, کبافق, معادن‌ بافق‌
http://old.tsetmc.com/loader.aspx?ParTree=151311&i=69446612239102459, شکام, صنایع شیمیایی کیمیاگران امروز
http://old.tsetmc.com/loader.aspx?ParTree=151311&i=16959429956899455, شاملا, معدنی‌ املاح‌  ایران‌
http://old.tsetmc.com/loader.aspx?ParTree=151311&i=5866848234665627, دسبحان, سبحان دارو
http://old.tsetmc.com/loader.aspx?ParTree=151311&i=24303422207378456, غالبر, لبنیات‌ کالبر
http://old.tsetmc.com/loader.aspx?ParTree=151311&i=33541897671561960, واتی, سرمایه‌ گذاری‌ آتیه‌ دماوند
http://old.tsetmc.com/loader.aspx?ParTree=151311&i=22260326095996531, حتوکا, حمل‌ونقل‌توکا
http://old.tsetmc.com/loader.aspx?ParTree=151311&i=51971068201094874, بپاس, بیمه پاسارگاد
http://old.tsetmc.com/loader.aspx?ParTree=151311&i=61102694810476197, شپارس, بین‌ المللی‌ محصولات‌  پارس‌
http://old.tsetmc.com/loader.aspx?ParTree=151311&i=62786156501584862, پاکشو, گروه صنعتی پاکشو
http://old.tsetmc.com/loader.aspx?ParTree=151311&i=25215182208950217, وهور, مدیریت انرژی امید  تابان هور
http://old.tsetmc.com/loader.aspx?ParTree=151311&i=65999092673039059, مداران, داده‌پردازی‌ایران‌
http://old.tsetmc.com/loader.aspx?ParTree=151311&i=5305844922895340, داوه, داروسازی آوه سینا
http://old.tsetmc.com/loader.aspx?ParTree=151311&i=11258722998911897, وسکاب, س.ص.بازنشستگی کارکنان بانکها
http://old.tsetmc.com/loader.aspx?ParTree=151311&i=22087269603540841, وپست, پست بانک ایران
http://old.tsetmc.com/loader.aspx?ParTree=151311&i=60350996279289099, کاوه, فولاد کاوه جنوب کیش
http://old.tsetmc.com/loader.aspx?ParTree=151311&i=15521712617204216, سفارس, سیمان فارس و خوزستان
http://old.tsetmc.com/loader.aspx?ParTree=151311&i=46982154647719707, وصنا, گروه‌صنایع‌بهشهرایران‌
http://old.tsetmc.com/loader.aspx?ParTree=151311&i=29860265627578401, ما, بیمه  ما
http://old.tsetmc.com/loader.aspx?ParTree=151311&i=22903901709044823, ختراک, ریخته‌گری‌ تراکتورسازی‌ ایران‌
http://old.tsetmc.com/loader.aspx?ParTree=151311&i=8646067353086740, بالاس, مهندسی ساختمان تاسیسات راه آهن
http://old.tsetmc.com/loader.aspx?ParTree=151311&i=44850033148208596, غچین, کشت‌ و صنعت‌ چین‌ چین
http://old.tsetmc.com/loader.aspx?ParTree=151311&i=8725363201030474, فگستر, گسترش صنایع روی ایرانیان
http://old.tsetmc.com/loader.aspx?ParTree=151311&i=5599691633622269, بخاور, بیمه زندگی خاورمیانه
http://old.tsetmc.com/loader.aspx?ParTree=151311&i=40505767672724777, رانفور, خدمات‌انفورماتیک‌
http://old.tsetmc.com/loader.aspx?ParTree=151311&i=58810336532668771, کایزد, فرانسوز یزد
http://old.tsetmc.com/loader.aspx?ParTree=151311&i=27096851668435724, جم پیلن, پلی پروپیلن جم - جم پیلن
http://old.tsetmc.com/loader.aspx?ParTree=151311&i=53113471126689455, چکارن, کارتن‌ ایران‌
http://old.tsetmc.com/loader.aspx?ParTree=151311&i=47377315952751604, بسویچ, پارس‌سویچ‌
http://old.tsetmc.com/loader.aspx?ParTree=151311&i=35178706978554988, شپاس, نفت پاسارگاد
http://old.tsetmc.com/loader.aspx?ParTree=151311&i=14230681955555738, آرام, صندوق س شاخصی آرام مفید
http://old.tsetmc.com/loader.aspx?ParTree=151311&i=59921975187856916, غشاذر, پگاه‌آذربایجان‌غربی‌
http://old.tsetmc.com/loader.aspx?ParTree=151311&i=15472396110662150, سکرما, سیمان‌ کرمان‌
http://old.tsetmc.com/loader.aspx?ParTree=151311&i=56820995669577571, قلرست, قند لرستان‌
http://old.tsetmc.com/loader.aspx?ParTree=151311&i=52232388263291380, وامید, گروه مدیریت سرمایه گذاری امید
http://old.tsetmc.com/loader.aspx?ParTree=151311&i=5054819322815158, زمگسا, کشاورزی‌ ودامپروی‌ مگسال‌
http://old.tsetmc.com/loader.aspx?ParTree=151311&i=43283802997035462, وسبحان, سرمایه گذاری سبحان
http://old.tsetmc.com/loader.aspx?ParTree=151311&i=28328710198554144, وبوعلی, سرمایه‌گذاری‌بوعلی‌
http://old.tsetmc.com/loader.aspx?ParTree=151311&i=43062880954780884, تپمپی, پمپ‌ سازی‌ ایران‌
http://old.tsetmc.com/loader.aspx?ParTree=151311&i=34641719089573667, دتماد, تولیدمواداولیه‌داروپخش‌
http://old.tsetmc.com/loader.aspx?ParTree=151311&i=28147934478934110, فغدیر, آهن و فولاد غدیر ایرانیان
http://old.tsetmc.com/loader.aspx?ParTree=151311&i=30582275818828857, ناب, صندوق س.پشتوانه طلا نهایت نگر
http://old.tsetmc.com/loader.aspx?ParTree=151311&i=3839324986781871, تپسی, پیشگامان فن آوری و دانش آرامیس
http://old.tsetmc.com/loader.aspx?ParTree=151311&i=27405735172634593, اتکام, بیمه اتکایی امین
http://old.tsetmc.com/loader.aspx?ParTree=151311&i=37204371816016200, وصندوق, سرمایه‌گذاری‌صندوق‌بازنشستگی‌
http://old.tsetmc.com/loader.aspx?ParTree=151311&i=52382684379473036, دکپسول, تولید ژلاتین کپسول ایران
http://old.tsetmc.com/loader.aspx?ParTree=151311&i=28551661889797217, زیتون, صندوق س زیتون نماد پایا- مختلط
http://old.tsetmc.com/loader.aspx?ParTree=151311&i=32525655729432562, سبهان, سیمان‌ بهبهان‌
http://old.tsetmc.com/loader.aspx?ParTree=151311&i=32678431934327184, کلوند, کاشی‌ الوند
http://old.tsetmc.com/loader.aspx?ParTree=151311&i=43342306308122676, قمرو, قند مرودشت‌
http://old.tsetmc.com/loader.aspx?ParTree=151311&i=24869832924911721, آسامید, صندوق س.مشترک آسمان امید -د
http://old.tsetmc.com/loader.aspx?ParTree=151311&i=14073782708315535, شنفت, نفت‌ پارس‌
http://old.tsetmc.com/loader.aspx?ParTree=151311&i=4470657233334072, سخاش, سیمان‌خاش‌
http://old.tsetmc.com/loader.aspx?ParTree=151311&i=45205530868811305, صایند, صندوق س. گنجینه آینده روشن-د
http://old.tsetmc.com/loader.aspx?ParTree=151311&i=63580313877463104, پاسا, ایران‌یاساتایرورابر
http://old.tsetmc.com/loader.aspx?ParTree=151311&i=4384288570322406, دلر, داروسازی‌ اکسیر
http://old.tsetmc.com/loader.aspx?ParTree=151311&i=70541934393301867, سلام, صندوق س سلام فارابی-سهام
http://old.tsetmc.com/loader.aspx?ParTree=151311&i=47749661205825616, سیستم, همکاران سیستم
http://old.tsetmc.com/loader.aspx?ParTree=151311&i=20411759370751096, کنور, توسعه معدنی و صنعتی صبانور
http://old.tsetmc.com/loader.aspx?ParTree=151311&i=30703140537034664, کگهر, سنگ آهن گهرزمین
http://old.tsetmc.com/loader.aspx?ParTree=151311&i=12638840758449459, پخش, پخش البرز
http://old.tsetmc.com/loader.aspx?ParTree=151311&i=61332057061846617, دابور, داروسازی‌ ابوریحان‌
http://old.tsetmc.com/loader.aspx?ParTree=151311&i=59266699437480384, ارفع, شرکت آهن و فولاد ارفع
http://old.tsetmc.com/loader.aspx?ParTree=151311&i=66726992874614788, دتوزیع, توزیع دارو پخش
http://old.tsetmc.com/loader.aspx?ParTree=151311&i=11403770140000603, ولملت, واسپاری ملت
http://old.tsetmc.com/loader.aspx?ParTree=151311&i=25001509088465005, کساوه, صنایع‌ کاشی‌ و سرامیک‌ سینا
http://old.tsetmc.com/loader.aspx?ParTree=151311&i=8977369674477111, کطبس, ذغال‌سنگ‌ نگین‌ ط‌بس‌
http://old.tsetmc.com/loader.aspx?ParTree=151311&i=10024128313803797, زگلدشت, کشت و دام گلدشت نمونه اصفهان
http://old.tsetmc.com/loader.aspx?ParTree=151311&i=7183333492448248, وپخش, داروپخش‌ (هلدینگ‌
http://old.tsetmc.com/loader.aspx?ParTree=151311&i=65004959184388996, فایرا, آلومینیوم‌ایران‌
http://old.tsetmc.com/loader.aspx?ParTree=151311&i=33808206014018431, سمازن, سیمان‌مازندران‌
http://old.tsetmc.com/loader.aspx?ParTree=151311&i=10411249540376641, ناما, تولیدی مخازن گازطبیعی آسیاناما
http://old.tsetmc.com/loader.aspx?ParTree=151311&i=44846320603450383, فروسیل, فروسیلیسیم خمین
http://old.tsetmc.com/loader.aspx?ParTree=151311&i=6757220448540984, سشمال, سیمان‌ شمال‌
http://old.tsetmc.com/loader.aspx?ParTree=151311&i=31078457170311964, ولشرق, لیزینگ ایران و شرق
http://old.tsetmc.com/loader.aspx?ParTree=151311&i=42670427020727409, کاج, صندوق س. نوع دوم نو ویرا -د
http://old.tsetmc.com/loader.aspx?ParTree=151311&i=16405556680571453, کخاک, صنایع‌خاک‌چینی‌ایران‌
http://old.tsetmc.com/loader.aspx?ParTree=151311&i=16056283141617755, کارین, صندوق س نگین سامان-ثابت
http://old.tsetmc.com/loader.aspx?ParTree=151311&i=62177651435283872, شکلر, نیروکلر
http://old.tsetmc.com/loader.aspx?ParTree=151311&i=69067576215760005, کاریس, صندوق س.سپند کاریزما-س
http://old.tsetmc.com/loader.aspx?ParTree=151311&i=67988012428906654, دارو, کارخانجات‌داروپخش‌
http://old.tsetmc.com/loader.aspx?ParTree=151311&i=59142194115401696, لوتوس, تامین سرمایه لوتوس پارسیان
http://old.tsetmc.com/loader.aspx?ParTree=151311&i=16369313804633525, حپترو, حمل و نقل پتروشیمی( سهامی عام
http://old.tsetmc.com/loader.aspx?ParTree=151311&i=43552974795606067, خراسان, پتروشیمی خراسان
http://old.tsetmc.com/loader.aspx?ParTree=151311&i=4528607775462304, سفانو, سیمان فارس نو
http://old.tsetmc.com/loader.aspx?ParTree=151311&i=30215634246748564, انار, صندوق س.انارنماد ارزش-درسهام
http://old.tsetmc.com/loader.aspx?ParTree=151311&i=61265100181977543, مانی, صندوق س. با درآمد ثابت مانی
http://old.tsetmc.com/loader.aspx?ParTree=151311&i=15949743338644220, ساروم, سیمان‌ارومیه‌
http://old.tsetmc.com/loader.aspx?ParTree=151311&i=41974758296041288, سخوز, سیمان خوزستان
http://old.tsetmc.com/loader.aspx?ParTree=151311&i=41284516796232939, سهگمت, سیمان‌هگمتان‌
http://old.tsetmc.com/loader.aspx?ParTree=151311&i=40611478183231802, شدوص, دوده‌ صنعتی‌ پارس‌
http://old.tsetmc.com/loader.aspx?ParTree=151311&i=40808043719554948, فولاژ, فولاد آلیاژی ایران
http://old.tsetmc.com/loader.aspx?ParTree=151311&i=41286608288791633, وبازار, صندوق س شاخصی بازارآشنا
http://old.tsetmc.com/loader.aspx?ParTree=151311&i=33144542989832366, زرفام, صندوق س.پشتوانه طلا زرفام آشنا
http://old.tsetmc.com/loader.aspx?ParTree=151311&i=58789178087946067, داریوش, صندوق س. ثروت داریوش -س
http://old.tsetmc.com/loader.aspx?ParTree=151311&i=30231789123900526, نمرینو, ایران‌ مرینوس‌
http://old.tsetmc.com/loader.aspx?ParTree=151311&i=33527290777160784, رابین, صندوق س. توسعه افق رابین-د
http://old.tsetmc.com/loader.aspx?ParTree=151311&i=18599703143458101, امید, تامین سرمایه امید
http://old.tsetmc.com/loader.aspx?ParTree=151311&i=38713440086361985, ثهام, صندوق س ثروت هامرز-سهام
http://old.tsetmc.com/loader.aspx?ParTree=151311&i=67030488744129337, قپیرا, فرآورده‌های‌غدایی‌وقندپیرانشهر
http://old.tsetmc.com/loader.aspx?ParTree=151311&i=6131290133202745, غمهرا, تولیدی‌مهرام‌
http://old.tsetmc.com/loader.aspx?ParTree=151311&i=33854964748757477, رنیک, جنرال مکانیک
http://old.tsetmc.com/loader.aspx?ParTree=151311&i=28374437855144739, آلتون, صندوق س.پشتوانه طلاآسمان آلتون
http://old.tsetmc.com/loader.aspx?ParTree=151311&i=36592972482259020, آسام, صندوق س.آرمان سپهر آشنا-م
http://old.tsetmc.com/loader.aspx?ParTree=151311&i=11964419322927535, سرود, سیمان‌شاهرود
http://old.tsetmc.com/loader.aspx?ParTree=151311&i=17528249960294496, وتوسم, سرمایه‌گذاری‌توسعه‌ملی‌
http://old.tsetmc.com/loader.aspx?ParTree=151311&i=29758477602878557, تیپیکو, سرمایه گذاری دارویی تامین
http://old.tsetmc.com/loader.aspx?ParTree=151311&i=4733285133017464, فخاس, فولاد خراسان
http://old.tsetmc.com/loader.aspx?ParTree=151311&i=65249046611427924, فردا, صندوق س آوای فردای زاگرس-ثابت
http://old.tsetmc.com/loader.aspx?ParTree=151311&i=25357135030606405, تنوین, تامین سرمایه نوین
http://old.tsetmc.com/loader.aspx?ParTree=151311&i=3542690854557886, کیا, کیا الکترود شرق
http://old.tsetmc.com/loader.aspx?ParTree=151311&i=18865325633315847, خاتم, صندوق س خاتم ایساتیس پویا-ثابت
http://old.tsetmc.com/loader.aspx?ParTree=151311&i=59607545337891226, پرداخت, به پرداخت ملت
http://old.tsetmc.com/loader.aspx?ParTree=151311&i=10120557300120078, پسهند, صنایع‌ لاستیکی‌  سهند
http://old.tsetmc.com/loader.aspx?ParTree=151311&i=23936607891892333, چافست, افست‌
http://old.tsetmc.com/loader.aspx?ParTree=151311&i=40262275031537922, دروز, داروسازی‌ روزدارو
http://old.tsetmc.com/loader.aspx?ParTree=151311&i=21096748051392414, سغدیر, توسعه سرمایه و صنعت غدیر
http://old.tsetmc.com/loader.aspx?ParTree=151311&i=42705920381780437, ترمه, صندوق سرمایه گذاری ترمه-سهام	
http://old.tsetmc.com/loader.aspx?ParTree=151311&i=65576885779918210, مدیر, ص.س.مدیریت ثروت ص.بازنشستگی-س
http://old.tsetmc.com/loader.aspx?ParTree=151311&i=4563413583000719, ساراب, سیمان‌ داراب‌
http://old.tsetmc.com/loader.aspx?ParTree=151311&i=37281199178613855, سیدکو, سرمایه گذاری توسعه صنایع سیمان
http://old.tsetmc.com/loader.aspx?ParTree=151311&i=21426277483799140, غنیلی, مجتمع تولیدی نیلی صنعت کرمان
http://old.tsetmc.com/loader.aspx?ParTree=151311&i=43443105991896600, ارزش, صندوق س ارزش آفرین بیدار-سهام
http://old.tsetmc.com/loader.aspx?ParTree=151311&i=55070742656326885, پایا, صندوق س.پایا ثروت پویا-د
http://old.tsetmc.com/loader.aspx?ParTree=151311&i=53449700212786324, مارون, پتروشیمی مارون
http://old.tsetmc.com/loader.aspx?ParTree=151311&i=18303237082155264, دفرا, فرآورده‌های‌ تزریقی‌ ایران‌
http://old.tsetmc.com/loader.aspx?ParTree=151311&i=12387472624849835, داسوه, داروسازی‌ اسوه‌
http://old.tsetmc.com/loader.aspx?ParTree=151311&i=66036975502302203, فیروزه, صندوق شاخص30 شرکت فیروزه- سهام
http://old.tsetmc.com/loader.aspx?ParTree=151311&i=57761388729898548, اوصتا, صندوق اندیشه ورزان صباتامین -د
http://old.tsetmc.com/loader.aspx?ParTree=151311&i=57551382352708199, غگز, گز سکه
http://old.tsetmc.com/loader.aspx?ParTree=151311&i=65023851436340574, کاردان, صندوق س تجارت شاخصی کاردان
http://old.tsetmc.com/loader.aspx?ParTree=151311&i=5317427172344706, هجرت, پخش هجرت
http://old.tsetmc.com/loader.aspx?ParTree=151311&i=28431095903407567, کاسپین, داروسازی کاسپین تامین
http://old.tsetmc.com/loader.aspx?ParTree=151311&i=3654864906585643, تکنو, تکنوتار
http://old.tsetmc.com/loader.aspx?ParTree=151311&i=60162288821230099, تماوند, تامین سرمایه دماوند
http://old.tsetmc.com/loader.aspx?ParTree=151311&i=52220424531578944, سغرب, سیمان‌غرب‌
http://old.tsetmc.com/loader.aspx?ParTree=151311&i=11285885633824855, دریا, صندوق س دریای آبی فیروزه-سهام
http://old.tsetmc.com/loader.aspx?ParTree=151311&i=13666407494621646, فراز, صندوق س.سهام فراز داریک-س
http://old.tsetmc.com/loader.aspx?ParTree=151311&i=50503654866742146, هامرز, صندوق س اعتماد هامرز-ثابت
http://old.tsetmc.com/loader.aspx?ParTree=151311&i=70698996132397388, دیبا, صندوق س بازده پایه صبا-ثابت
http://old.tsetmc.com/loader.aspx?ParTree=151311&i=18007109712724189, آوا, صندوق س.سهام آوای معیار-س
http://old.tsetmc.com/loader.aspx?ParTree=151311&i=10145129193828624, نگین, ص.س. زمین و ساختمان نگین شهرری
http://old.tsetmc.com/loader.aspx?ParTree=151311&i=917857106093847, حپارسا, توسعه حمل و نقل ریلی پارسیان
http://old.tsetmc.com/loader.aspx?ParTree=151311&i=4626686276232042, نفیس, صندوق س.پشتوانه طلای صبا
http://old.tsetmc.com/loader.aspx?ParTree=151311&i=22002589755112021, رماس, صندوق س.راهبرد ممتازابن سینا-س
http://old.tsetmc.com/loader.aspx?ParTree=151311&i=31188566503248753, نیلی, صندوق س. نوع دوم نیلی دماوند-د
http://old.tsetmc.com/loader.aspx?ParTree=151311&i=11432067920374603, دسینا, داروسازی‌ سینا
http://old.tsetmc.com/loader.aspx?ParTree=151311&i=55308018877404137, سام, صندوق س.نوع دوم سام-د
http://old.tsetmc.com/loader.aspx?ParTree=151311&i=41625340598198551, بساما, بیمه سامان
http://old.tsetmc.com/loader.aspx?ParTree=151311&i=37073830945037165, آفاق, صندوق س نوع دوم افق آتی-ثابت
http://old.tsetmc.com/loader.aspx?ParTree=151311&i=27797446447955609, نخل, صندوق س.خلیج فارس-د
http://old.tsetmc.com/loader.aspx?ParTree=151311&i=31248540252187559, مروارید, صندوق س. مروارید بها بازار-س
http://old.tsetmc.com/loader.aspx?ParTree=151311&i=71856634742001725, سپ, پرداخت الکترونیک سامان کیش
http://old.tsetmc.com/loader.aspx?ParTree=151311&i=28788598290160782, الماس, صندوق س.امین تدبیرگران فردا-س
http://old.tsetmc.com/loader.aspx?ParTree=151311&i=59598536122397373, سخند, صندوق س.سپهرخبرگان نفت-د
http://old.tsetmc.com/loader.aspx?ParTree=151311&i=39453972158399542, سپاس, صندوق س. پاداش سهامداری-ثابت
http://old.tsetmc.com/loader.aspx?ParTree=151311&i=21077182490095731, درین, صندوق س. درین بها بازار-د
http://old.tsetmc.com/loader.aspx?ParTree=151311&i=66105959479616770, رایکا, صندوق س نوع دوم رایکا- ثابت	
http://old.tsetmc.com/loader.aspx?ParTree=151311&i=27000326841257664, سدشت, صنایع سیمان دشتستان
http://old.tsetmc.com/loader.aspx?ParTree=151311&i=35445515321658835, فماک, ماداکتو استیل کرد
http://old.tsetmc.com/loader.aspx?ParTree=151311&i=22839330962768817, آتیمس, صندوق س.آرمان آتیه درخشان مس-س
http://old.tsetmc.com/loader.aspx?ParTree=151311&i=48287767791629523, رشد, صندوق س.رشد پایدار آبان-د
http://old.tsetmc.com/loader.aspx?ParTree=151311&i=25417476013479486, ساروج, بین المللی ساروج بوشهر
http://old.tsetmc.com/loader.aspx?ParTree=151311&i=62845384302495432, هیوا, صندوق س. ثروت هیوا-س
http://old.tsetmc.com/loader.aspx?ParTree=151311&i=58514988269776425, گنج, صندوق س. طلا کیمیا زرین کاردان
http://old.tsetmc.com/loader.aspx?ParTree=151311&i=4216536645718658, برلیان, صندوق سرمایه گذاری برلیان-سهام
http://old.tsetmc.com/loader.aspx?ParTree=151311&i=47125023640770480, صنم, ص.س.صندوق در صندوق صنم
http://old.tsetmc.com/loader.aspx?ParTree=151311&i=31366347648583654, ارمغان, ص سرمایه گذاری ارمغان ایرانیان
http://old.tsetmc.com/loader.aspx?ParTree=151311&i=24651394045981418, تاراز, صندوق س آوای تاراز زاگرس-سهام
http://old.tsetmc.com/loader.aspx?ParTree=151311&i=62012736978844991, دارا, صندوق س. دارا الگوریتم-د
http://old.tsetmc.com/loader.aspx?ParTree=151311&i=48818952524587858, پرتو, صندوق س. پرتو پایش پیشرو-س
http://old.tsetmc.com/loader.aspx?ParTree=151311&i=50094941173290382, اکسیژن, صندوق س. سهامی اکسیژن-س
http://old.tsetmc.com/loader.aspx?ParTree=151311&i=68203878405672734, صنوین, صندوق سرمایه‌گذاری صنوین-مختلط
http://old.tsetmc.com/loader.aspx?ParTree=151311&i=67522512921942106, پادا, صندوق س.پاداش سرمایه پارس-س
http://old.tsetmc.com/loader.aspx?ParTree=151311&i=31913287805282551, سیناد, صندوق س.سپهرسودمند سینا-د
http://old.tsetmc.com/loader.aspx?ParTree=151311&i=35163287528816137, اعتبار, صندوق س. نوع دوم اعتبار-د
http://old.tsetmc.com/loader.aspx?ParTree=151311&i=66721204145017523, ثمین, صندوق س. ثروت افزون ثمین-س
http://old.tsetmc.com/loader.aspx?ParTree=151311&i=15451317146134956, افق ملت, صندوق س در سهام افق ملت
http://old.tsetmc.com/loader.aspx?ParTree=151311&i=62708526880913292, ساحل, صندوق س.اوراق دولت خلیج فارس-د
http://old.tsetmc.com/loader.aspx?ParTree=151311&i=62575434414985179, اوج, صندوق س.اوج دماوند-س
http://old.tsetmc.com/loader.aspx?ParTree=151311&i=58852293795036597, ویستا, صندوق س. ویستا -س
http://old.tsetmc.com/loader.aspx?ParTree=151311&i=47101579271117172, گنجینه, صندوق س. گنجینه داریوش-د
http://old.tsetmc.com/loader.aspx?ParTree=151311&i=1050751214677134, شگامرن, مجتمع پترو صنعت گامرون
http://old.tsetmc.com/loader.aspx?ParTree=151311&i=34856765062083074, بازده, صندوق س. بازده ثابت-د
http://old.tsetmc.com/loader.aspx?ParTree=151311&i=34581754264880199, درسا, صندوق سرمایه گذاری درسا - سهام
http://old.tsetmc.com/loader.aspx?ParTree=151311&i=37222720235819361, بذر, صندوق س بذر امید آفرین-سهام
http://old.tsetmc.com/loader.aspx?ParTree=151311&i=45452221088910484, عقیق, صندوق سرمایه گذاری عقیق-سهام
http://old.tsetmc.com/loader.aspx?ParTree=151311&i=1241998328504490, نشان, صندوق س. نشان هامرز-د
http://old.tsetmc.com/loader.aspx?ParTree=151311&i=32112121249636248, ثنا, صندوق س.زرین نهال ثنا-س
http://old.tsetmc.com/loader.aspx?ParTree=151311&i=7670135462634715, پتروما, صندوق س.بخشی پتروشیمی دماوند-ب
http://old.tsetmc.com/loader.aspx?ParTree=151311&i=50139638026536387, زرین, صندوق س. سهام زرین کوروش-س
http://old.tsetmc.com/loader.aspx?ParTree=151311&i=31665897154579581, مهریران, قرض الحسنه بانک مهر 14031214	
http://old.tsetmc.com/loader.aspx?ParTree=151311&i=57728534324022361, گنجین, صندوق س. گنجینه یکم آوید-د
http://old.tsetmc.com/loader.aspx?ParTree=151311&i=71672399601682259, ثروتم, صندوق س. ثروت آفرین پارسیان-س
http://old.tsetmc.com/loader.aspx?ParTree=151311&i=27812005859539773, ثروت, ص.خ.ثروت آفرین فیروزه 70%تادیه
http://old.tsetmc.com/loader.aspx?ParTree=151311&i=4395741730355818, استارز, ص.ج.ستاره برتر20%تادیه
http://old.tsetmc.com/loader.aspx?ParTree=151311&i=15124889255100138, رویش, ص.س.جسورانه رویش لوتوس
http://old.tsetmc.com/loader.aspx?ParTree=151311&i=26547362091465395, دیوان, صندوق خصوصی دیوان ارزش35%تادیه
http://old.tsetmc.com/loader.aspx?ParTree=151311&i=18919451747622263, ویسرو, ص.ج.سرو رشد پایداریکم 50%تادیه
http://old.tsetmc.com/loader.aspx?ParTree=151311&i=1185549032856396, عبهمن, سلف خودرووانت کارا تک کابین
